round_id,timestamp,phase,decision,action_type,changed_keys,score,primary_metric_name,primary_metric_value,tps,p95_latency_ms,llm_call_count,llm_input_tokens,llm_output_tokens,llm_total_tokens,audit_action,exploration_mode,auditor_next_phase,next_step,if_failed_next,reason
1,2026-05-28T00:25:04.715356,db,accepted,db_config,"innodb_buffer_pool_size,innodb_io_capacity,innodb_io_capacity_max,innodb_old_blocks_pct,innodb_parallel_read_threads,innodb_random_read_ahead,innodb_read_ahead_threshold,join_buffer_size,max_heap_table_size,optimizer_search_depth,optimizer_switch,range_optimizer_max_mem_size,read_buffer_size,read_rnd_buffer_size,sort_buffer_size,temptable_max_mmap,temptable_max_ram,tmp_table_size",5.7212492919954e-06,time_ms,174787.0,0.28125,3092.3323333333333,1,37274,5065,42339,continue_db,aggressive,db,如果 execution_time 明显下降，下一轮保留大 buffer pool 和 temp/sort/join 方向，细调 innodb_buffer_pool_size 到 48GB、join/sort buffer 到 32/128MB 组合，并分拆验证 optimizer_switch 中 batched_key_access/mrr_cost_based/prefer_ordering_index 的单项贡献。,如果本轮回退，优先怀疑 optimizer_switch/read-ahead 过激或每连接内存过大；下一轮应回退 optimizer_switch 到默认，仅保留大 buffer pool 与 temp 表内存，或关闭 innodb_random_read_ahead、把 innodb_read_ahead_threshold 调回 32，再测纯内存驻留收益。,Score improved from 0.000 to 0.000 (55.50%).
2,2026-05-28T00:30:37.581745,db,rollback,db_config,"innodb_adaptive_hash_index_parts,innodb_buffer_pool_instances,innodb_buffer_pool_size,innodb_io_capacity,innodb_io_capacity_max,innodb_old_blocks_pct,innodb_parallel_read_threads,innodb_random_read_ahead,innodb_read_ahead_threshold,innodb_read_io_threads,innodb_sync_array_size,join_buffer_size,max_heap_table_size,optimizer_search_depth,optimizer_switch,performance_schema,range_optimizer_max_mem_size,read_buffer_size,read_rnd_buffer_size,sort_buffer_size,temptable_max_mmap,temptable_max_ram,thread_cache_size,tmp_table_size",5.470878513671726e-06,time_ms,182786.0,0.2647058823529412,3006.0201666666667,1,41019,5651,46670,continue_db,benchmark_max,db,如果本轮成功或接近当前最好，下一轮保留 performance_schema=false、innodb_read_io_threads=12、buffer_pool_instances=8 这些静态收益项，再单独细调 O_DIRECT、buffer_pool_size 44/48/52GB、parallel_read_threads 12/16，以及 sort_buffer_size 64/128MB 的贡献。,"如果本轮回退，优先怀疑 Omitted/changed 的访问路径与预读细调：恢复 innodb_random_read_ahead=true、innodb_read_ahead_threshold=8，并把 optimizer_switch 回到第一轮成功的 batched_key_access=on,mrr_cost_based=off；同时保留或单独测试 performance_schema=false 和 read_io_threads=12，避免把静态 instrumentation 收益与 optimizer/read-ahead 回退混在一起。","Score did not improve enough: incumbent=0.000, candidate=0.000."
3,2026-05-28T00:35:32.082482,db,accepted,db_config,"innodb_buffer_pool_instances,innodb_buffer_pool_size,innodb_io_capacity,innodb_io_capacity_max,innodb_old_blocks_pct,innodb_parallel_read_threads,innodb_random_read_ahead,innodb_read_ahead_threshold,innodb_read_io_threads,join_buffer_size,max_heap_table_size,optimizer_search_depth,optimizer_switch,performance_schema,range_optimizer_max_mem_size,read_buffer_size,read_rnd_buffer_size,sort_buffer_size,temptable_max_mmap,temptable_max_ram,tmp_table_size",5.784124890824643e-06,time_ms,172887.0,0.28125,3282.56756,1,45258,4885,50143,continue_db,benchmark_max,db,如果本轮成功或接近当前最好，保留 performance_schema=false 与 Round1 动态配置；下一轮单独验证 innodb_read_io_threads=8 或 12，仍保持 buffer_pool_size=40GB、optimizer_switch=Round1、random_read_ahead=true、threshold=8，避免再混入 sort/join/48GB 改动。,如果本轮回退，说明 performance_schema=false 或重启静态差异没有带来净收益；下一轮恢复 performance_schema=true 和历史最好动态配置，再做纯动态细调：优先单独测试 sort_buffer_size=128MB 或 buffer_pool_size=44GB，但不要重复 Round2 的组合，也不要同时关闭 random_read_ahead、关闭 BKA、改 mrr_cost_based、扩大到 48GB。,Score improved from 0.000 to 0.000 (1.10%).
4,2026-05-28T00:43:02.131233,db,accepted,db_config,"innodb_buffer_pool_instances,innodb_buffer_pool_size,innodb_io_capacity,innodb_io_capacity_max,innodb_old_blocks_pct,innodb_parallel_read_threads,innodb_random_read_ahead,innodb_read_ahead_threshold,innodb_read_io_threads,join_buffer_size,max_heap_table_size,optimizer_search_depth,optimizer_switch,performance_schema,range_optimizer_max_mem_size,read_buffer_size,read_rnd_buffer_size,sort_buffer_size,temptable_max_mmap,temptable_max_ram,tmp_table_size",5.890807983222979e-06,time_ms,169756.0,0.2903225806451613,3234.35564,1,47918,3750,51668,continue_db,benchmark_max,db,如果本轮成功或接近成功，保留 performance_schema=false、40GB buffer pool、Round1 optimizer/read-ahead 策略，并在相同基线上再单独验证 innodb_read_io_threads=12；若 8 优于 4 且 12 不回退，可随后独立测试 innodb_flush_method=O_DIRECT。,如果本轮回退，说明 read_io_threads=8 对当前 TPCH execute 没有净收益；下一轮恢复 innodb_read_io_threads=4 和当前最好配置，转向纯动态单项细调：优先单独测试 sort_buffer_size=134217728 且 join_buffer_size 保持 67108864，或测试 innodb_buffer_pool_size=47244640256；不要重复 Round2 的组合，不要同时改 48GB buffer pool、buffer_pool_instances=8、parallel_read_threads=16、random_read_ahead=false、BKA off 或 mrr_cost_based=on。,Score improved from 0.000 to 0.000 (1.84%).
5,2026-05-28T00:47:19.766712,db,rollback,db_config,"innodb_buffer_pool_instances,innodb_buffer_pool_size,innodb_flush_method,innodb_io_capacity,innodb_io_capacity_max,innodb_old_blocks_pct,innodb_parallel_read_threads,innodb_random_read_ahead,innodb_read_ahead_threshold,innodb_read_io_threads,join_buffer_size,max_heap_table_size,optimizer_search_depth,optimizer_switch,performance_schema,range_optimizer_max_mem_size,read_buffer_size,read_rnd_buffer_size,sort_buffer_size,temptable_max_mmap,temptable_max_ram,tmp_table_size",5.925258785677464e-06,time_ms,168769.0,0.2903225806451613,3074.7443461538464,1,50826,3247,54073,continue_db,benchmark_max,db,如果本轮成功或接近当前最好，保留 innodb_read_io_threads=12，并在同一基线上下一轮单独验证 innodb_flush_method=O_DIRECT；若 O_DIRECT 成功，再考虑 read_io_threads=16 或 block/OS 层读预读策略。也可随后单独测试 sort_buffer_size=134217728 且 join_buffer_size 保持 67108864。,如果本轮回退，恢复 innodb_read_io_threads=8，确认 8 是当前读 I/O 线程最优点；下一轮不要重复 Round2 的 12+48GB+buffer_pool_instances=8+parallel_read_threads=16+random_read_ahead=false+BKA off/mrr_cost_based on 组合。失败后优先转向纯动态单项：测试 sort_buffer_size=134217728 且 join_buffer_size=67108864，或测试 innodb_buffer_pool_size=47244640256；O_DIRECT 应在恢复 read_io_threads=8 后再单独验证。,"Score did not improve enough: incumbent=0.000, candidate=0.000."
6,2026-05-28T00:52:11.618803,db,rollback,db_config,"innodb_buffer_pool_instances,innodb_buffer_pool_size,innodb_flush_method,innodb_io_capacity,innodb_io_capacity_max,innodb_old_blocks_pct,innodb_parallel_read_threads,innodb_random_read_ahead,innodb_read_ahead_threshold,innodb_read_io_threads,join_buffer_size,max_heap_table_size,optimizer_search_depth,optimizer_switch,performance_schema,range_optimizer_max_mem_size,read_buffer_size,read_rnd_buffer_size,sort_buffer_size,temptable_max_mmap,temptable_max_ram,tmp_table_size",5.6571325126719764e-06,time_ms,176768.0,0.28125,3269.11916,1,53634,4149,57783,continue_db,benchmark_max,db,如果本轮成功或接近成功，保留 O_DIRECT 并在 O_DIRECT+read_io_threads=8 基线上再单独验证 innodb_read_io_threads=12；若 12 在 O_DIRECT 下也接近或改善，再尝试纯动态 sort_buffer_size=134217728 且 join_buffer_size=67108864。,如果本轮回退，恢复 innodb_flush_method=fsync 与当前最好基线；不要把 O_DIRECT 与 read_io_threads=12、48GB buffer pool、buffer_pool_instances=8、parallel_read_threads=16、random_read_ahead=false、BKA off/mrr_cost_based on 混合重复。失败后优先转向动态单项：sort_buffer_size=134217728 且 join_buffer_size=67108864，或轻微测试 innodb_buffer_pool_size=47244640256。,"Score did not improve enough: incumbent=0.000, candidate=0.000."
7,2026-05-28T00:57:04.459498,db,rollback,db_config,"innodb_buffer_pool_instances,innodb_buffer_pool_size,innodb_flush_method,innodb_io_capacity,innodb_io_capacity_max,innodb_old_blocks_pct,innodb_parallel_read_threads,innodb_random_read_ahead,innodb_read_ahead_threshold,innodb_read_io_threads,join_buffer_size,max_heap_table_size,optimizer_search_depth,optimizer_switch,performance_schema,range_optimizer_max_mem_size,read_buffer_size,read_rnd_buffer_size,sort_buffer_size,temptable_max_mmap,temptable_max_ram,tmp_table_size",5.890495685211911e-06,time_ms,169765.0,0.2903225806451613,3096.857423076923,1,55220,4799,60019,continue_db,benchmark_max,db,如果本轮成功或接近成功，保留 fsync、performance_schema=false、read_io_threads=12 与 sort_buffer_size=128MB，再单独验证 join_buffer_size=134217728 或 innodb_parallel_read_threads=16；若仍只小幅改善，可做 repeat_benchmark 确认 read_io_threads=12 的稳定性。,如果本轮回退，恢复 innodb_read_io_threads=8 与 sort_buffer_size=67108864；不要再重复 O_DIRECT，也不要重复 Round2 的 48GB/52GB buffer pool、buffer_pool_instances=8、parallel_read_threads=16、random_read_ahead=false、BKA off/mrr_cost_based on 混合组合。下一轮改做纯动态单项：innodb_buffer_pool_size=47244640256，或只测试 sort_buffer_size=134217728 且 read_io_threads=8。,"Score did not improve enough: incumbent=0.000, candidate=0.000."
8,2026-05-28T00:58:18.586278,os_sysctl,rejected,os_config,"kernel.sched_autogroup_enabled,kernel.sched_migration_cost_ns,vm.swappiness,vm.vfs_cache_pressure",,,,,,1,58568,2668,61236,switch_to_os_sysctl,normal,os_sysctl,如果本轮成功或接近成功，保留 swappiness=1、vfs_cache_pressure=50、sched_autogroup=0，并在下一轮单独微调 kernel.sched_migration_cost_ns 到 500000 或 2000000，确认 CPU locality 最优点；若仍有空间，再考虑小幅加入 fs.aio-max-nr=1048576。,如果本轮回退，优先恢复 kernel.sched_migration_cost_ns 默认/不设与 kernel.sched_autogroup_enabled=1，保留或单独验证 vm.swappiness=1；不要立即调整 dirty_ratio/dirty_background_ratio，因为当前 read-only TPCH 没有写回瓶颈证据。下一轮可做更窄的 OS probe：只测 vm.swappiness=1 或只测 kernel.sched_autogroup_enabled=0。,Candidate config failed validation.
9,2026-05-28T01:02:26.898203,os_sysctl,rollback,os_config,"fs.aio-max-nr,kernel.sched_autogroup_enabled,vm.swappiness,vm.vfs_cache_pressure",5.890842685046096e-06,time_ms,169755.0,0.2903225806451613,3089.799038461538,1,57766,2890,60656,continue_os_sysctl,normal,os_sysctl,如果本轮成功或接近成功，保留 swappiness=1、vfs_cache_pressure=50、sched_autogroup=0、aio-max-nr=1048576；下一轮做更窄拆分或微调：优先单独验证 vm.vfs_cache_pressure=25/75，或在验证器确认可用后再单独测试 kernel.sched_migration_cost_ns=500000 或 2000000。,如果本轮回退或再次验证失败，先避免 kernel.sched_migration_cost_ns 和多 sysctl 混合；下一轮改成最窄 probe：只测 vm.swappiness=1 或只测 kernel.sched_autogroup_enabled=0。若是性能回退而非验证失败，则恢复 vfs_cache_pressure=100、sched_autogroup=1，仅保留或单测 swappiness=1；继续不要调整 dirty_ratio，因为 read-only TPCH 没有写回瓶颈证据。,"Score did not improve enough: incumbent=0.000, candidate=0.000."
10,2026-05-28T01:06:49.507435,os_control,accepted,os_control,"block.nr_requests,block.read_ahead_kb,block.rq_affinity,block.scheduler,transparent_hugepage.defrag,transparent_hugepage.khugepaged.defrag",6.0324909965071874e-06,time_ms,165769.0,0.2903225806451613,3193.41736,1,57461,3462,60923,switch_to_os_control,normal,os_control,如果本轮成功或接近成功，保留 scheduler=none、read_ahead_kb=2048、nr_requests=1024，并继续在 os_control 层细调：优先单独把 block.read_ahead_kb 提到 4096，或加入 block.max_sectors_kb=4096；若 THP defrag 组合也可疑，可在保留 block 读路径的情况下单独恢复 THP defrag=madvise 做拆分。,如果本轮回退，优先怀疑 block.scheduler=none 或 read_ahead_kb=2048 对该虚拟 SSD/TPCH 范围访问造成负收益；下一轮恢复 scheduler=mq-deadline、read_ahead_kb=128、nr_requests=256、rq_affinity=1，只做更窄 probe：单独测试 transparent_hugepage.defrag=never+khugepaged.defrag=0，或单独测试 block.read_ahead_kb=512/1024。不要立即启用 io_poll 或 nomerges=2。,Score improved from 0.000 to 0.000 (2.41%).
11,2026-05-28T01:10:55.223413,os_control,rollback,os_control,"block.nr_requests,block.read_ahead_kb,block.rq_affinity,block.scheduler,transparent_hugepage.defrag,transparent_hugepage.khugepaged.defrag",6.0331097060668954e-06,time_ms,165752.0,0.2903225806451613,3199.72352,1,57795,2615,60410,continue_os_control,normal,os_control,如果本轮成功或接近成功，保留 read_ahead_kb=4096、scheduler=none、nr_requests=1024、rq_affinity=2；下一轮优先加入或单独验证 block.max_sectors_kb=4096，以允许更大的顺序 I/O；若收益仍明显，再考虑 nr_requests=2048 或 wbt_lat_usec=0。,如果本轮回退，说明 4096KB 预读过大；恢复 block.read_ahead_kb=2048 并保留上一轮成功的 scheduler=none、nr_requests=1024、rq_affinity=2、THP defrag=never。下一轮不要继续增大 read_ahead，也不要启用 io_poll/nomerges；改为在 read_ahead=2048 基线上单独测试 block.max_sectors_kb=4096，或做 repeat_benchmark 确认上一轮最好值稳定性。,"Score did not improve enough: incumbent=0.000, candidate=0.000."
